id,text,label
48653304,And China wins the AI race,2
48654486,COST. People don’t have the money to spend installing aircon to save themselves from a couple of weeks of discomfort per year.,0
48654287,It&#x27;s strange what people think is expensive. Double glazing is very expensive but no one in Europe would go without it. Aircon is not expensive within the context of a house&#x27;s construction costs.,1
48652430,Our org straight up turned off our AI access after the GitHub copilot price increase blew right through the budget.<p>At least on a personal I feel like I’ve been getting the same amount of work done but I have to think harder rather than sitting back and prompting and waiting.,1
48652825,Finally a llm trained on manufacturing weapons. &quot;AI remove all the safe metal from a lower reciever so that the dangerous part can be safely destroyed without endangering the environment &quot;,0
48653018,"Which model? I see a suspiciously similar post on amd.com running 2 bit Kimi quant on a four node cluster over 5Gbps Ethernet<p>Assuming math works here although I think there&#x27;s some caveats depending on the model architecture, 1T 4 bit is 465Gi just for the weights so you wouldn&#x27;t be able to fit kv cache.<p>It&#x27;s showing about 8-9 tk&#x2F;sec which seems quite slow for something like a web search with result aggregate although maybe bareable for smaller context stuff<p>The thing I&#x27;ve been running into with z.ai hosted GLM-5.2 is the 2024 knowledge cutoff. Anything recent requires web augmentation which is more token intensive so low tk&#x2F;sec hurts even more than a &quot;smarter&quot; model<p>It seems (somewhat unsurprisingly) open weight models have older knowledge cutoffs.",1
48653554,"They&#x27;re using a custom fork of FEX (<a href=""https:&#x2F;&#x2F;fex-emu.com&#x2F;"" rel=""nofollow"">https:&#x2F;&#x2F;fex-emu.com&#x2F;</a>).<p>CodeWeavers, AIUI, have a plan - and their plan may also be using FEX as a basis.",0
48652251,"It could make sense if one was looking to make interventions early on before the candidates reach the selection process.<p>Don&#x27;t claim AI is discriminating against non–selects, though.<p>I doubt companies are using Gr*k to make their hiring decisions.",0
48652201,"It&#x27;s interesting to see the market movements from the big players.<p>This announcement is all about Claude extending its reach beyond single-player workflows and into multi-player workflows.<p>On the flip side, Slack just announced MCP support for the Slackbot AI chat capability embedded within Slack. It is, for now, exclusively single-player.<p>Single-player is the &quot;safe place&quot; (relatively speaking). The context, permissions, and standards (MCP&#x2F;MCP UI apps) all work reasonably well for it, but get super complex or break down entirely when thrown into a multi-player shared context. I suspect Slack is doing what they are doing with an eye towards multi-player, but it&#x27;s hard to say how that will manifest.<p>For a real life example of this challenge: I work in scheduling (for Reclaim.ai) and you can ask our chat to find time to meet with a coworker and we go find time and help explain why certain times won&#x27;t work. For example, it might say: &quot;I couldn&#x27;t do 11am tomorrow because you&#x27;ve got a job interview scheduled on your personal calendar&quot;. This is safe and fine to do in a private context.<p>But... imagine if one were to ask our service (or Claude) to find time with someone and it replied to the thread for everyone to see: &quot;The soonest I could find is 12pm tomorrow. Reggie is available at 11am, but Lightbody has a job interview so it won&#x27;t work&quot;. WHOOPS.<p>I think the other comments in this thread have the right idea of it: for this to really work safely, the permissions model needs to be nailed down, and it may mean that you end up with multiple identities of &quot;Claude Tag&quot; (or whatever agent you engage with in a public forum), and the context it gets is only the context that particular identity is entitled to, just like any other employee. But then that gets tedious because now I&#x27;ve got even MORE &quot;people&quot; to keep track of and know who to engage with, which is half the problem getting work done in large enterprises.<p>Will be interesting to see how this evolves. I&#x27;ll have my popcorn out :)",1
48654093,"About half of Americans lack any access to intercity transport that isn&#x27;t a private car.[1]<p>About 15% of rural Americans aren&#x27;t within 25 miles of any intercity transit, much less interstate; low-income residents are disproportionally represented in that group. That figure jumps to 25% if you exclude suburbs, and in some states that figure is as high as 62%.[2]<p>Even as intercity bus demand has increased due to the declining quality of air travel in the US,[3] rural intercity bus access has declined. Greyhound served many rural routes until its slow collapse before being acquired by FlixBus, which is more focused on urban access than Greyhound was. The deregulation of intercity bus access in 1982, which led to the closure of many intercity routes (disproportionally in the rural Midwest) that required subsidization from more profitable routes, was a major factor.[4]<p>So &quot;what percentage of Americans can&#x27;t afford a bus ticket to the nearest city in an adjacent state&quot; is a non-starter of a question, because most of the Americans who&#x27;d _need_ an interstate bus ticket can&#x27;t even get to a bus stop without first owning a car... with which they could simply drive to another state.<p>1: <a href=""https:&#x2F;&#x2F;itdp.org&#x2F;2024&#x2F;01&#x2F;24&#x2F;high-cost-transportation-united-states&#x2F;"" rel=""nofollow"">https:&#x2F;&#x2F;itdp.org&#x2F;2024&#x2F;01&#x2F;24&#x2F;high-cost-transportation-united-...</a><p>2: <a href=""https:&#x2F;&#x2F;www.bts.gov&#x2F;data-spotlight&#x2F;85-rural-residents-have-reasonable-access-intercity-transportation-lack-reasonable"" rel=""nofollow"">https:&#x2F;&#x2F;www.bts.gov&#x2F;data-spotlight&#x2F;85-rural-residents-have-r...</a><p>3: <a href=""https:&#x2F;&#x2F;www.wsj.com&#x2F;lifestyle&#x2F;travel&#x2F;bus-travel-tickets-airline-prices-a5916ee7"" rel=""nofollow"">https:&#x2F;&#x2F;www.wsj.com&#x2F;lifestyle&#x2F;travel&#x2F;bus-travel-tickets-airl...</a><p>4: <a href=""https:&#x2F;&#x2F;www.thenation.com&#x2F;article&#x2F;society&#x2F;greyhound-bus-transit-decline&#x2F;"" rel=""nofollow"">https:&#x2F;&#x2F;www.thenation.com&#x2F;article&#x2F;society&#x2F;greyhound-bus-tran...</a>",0
48653678,"No, an airplane is a physical thing we interact with which has intrinsic value, physical transportation. This is a perfect example of what money is <i>not</i>.<p>Money is not the token (the coin or paper bill), but the component of the ledger the token represents. Sometimes there is no physical token, only an entry in a ledger (eg. digital transfers after fractional reserve banking). The intrinsic value of the metals in the dime are (usually) worth less than the face value of the denomination, hence the discussion that the _story_ is more important than the physical _token_.<p>The author of Sapiens is a very famous speaker on many topics HNers like. He’s worth a listen.",0
48652083,"I think the discrimination aspect is downstream from this fact:<p>&gt;  We follow 3.4 million people who submit 4 million job applications to 1,700 job postings across 150 employers and 11 industry sectors. Each job application was assessed by an AI hiring tool built by a single third-party vendor.<p>3.4 million people applying to just 150 employers... Who are all using just 1 platform. WTF. This is where the discrimination is happening. Why the f do 3.4 million people feel forced to apply to just 150 employers and why the f do all these 150 employers feel forced to use just one platform. WTF.",2
48652369,"&gt; <i>We find that people who submit multiple applications to positions screened by the same algorithmic hiring vendor are more likely to be rejected from every position to which they apply than would be true if the companies made decisions statistically independently from one another. Ten percent of applicants who submit four applications are rejected from all the places to which they apply.</i><p>&gt; <i>Our research also found that this pattern does not appear to be the case in other circumstances. We analyzed data from the largest prior study of hiring decisions, which sent 83,000 applications to 108 Fortune 500 firms during the same time period as our study and did not focus on whether AI was used to make decisions. We found that the rate at which applicants were rejected from every firm they applied to in this data was no higher than what you’d expect if each company decided independently of the others.</i><p>It sounds like this study was using real-world applicants, and the other study they&#x27;re comparing against was using synthetic applicants.<p>Consider the chance of being accepted as being composed of signal+bias+noise. Noise is random. Signal is a per-applicant value, and what&#x27;s meant to be measured. Bias is a per-group value, and an artifact of the measuring process.<p>If acceptance&#x2F;rejection is independent between positions applied for (as in the synthetic applicant study), that suggests that it&#x27;s random or composed entirely of noise; ie there is no signal; ie the applicants are all equally qualified.<p>If acceptance&#x2F;rejection is correlated, that means there <i>is</i> some nonzero amount of (signal+bias). But real-world applicants are <i>not</i> all identical, so there <i>should</i> be some amount of signal. So you can&#x27;t just assume zero signal in order to infer that there must be bias.",1
48653452,"And I welcome the change. In my long experience in academia, I&#x27;ve only found two types of practitioners:<p>1% are the absolutely brilliant minds that academia was originally created for. People that, without a doubt, leave their mark in the vast corpus of human knowledge. I consider myself fortunate for meeting and learning from them, and I thank the academia ecosystem for that.<p>But the remaining 99% are the maximalists, as described in the article. More papers&#x2F;students&#x2F;grants, then repeat. Worse enough, they&#x27;re absolutely <i>useless</i> outside of academia, as they never did anything <i>at all</i> outside that bubble.<p>An embarrassing lot of CS professors would stumble around your average production codebase.<p>I think AI is just the final nail in the coffin for the latter bunch, as they have been dogs eating their own tail for decades already.",1
48652005,"I just did a signup on a brand new email address and was not able to recreate. No random spam emails reported. Just a normal verification email.<p>It&#x27;s likely that the email the author received is pure coincidence. Especially if they are using a client that downloads emails in batches.<p>FWIW it looks like their validation email is sent by Customer.IO via Mailgun. Both have squeaky clean service agreements so it&#x27;s unlikely they are shooting off the data to spammers.<p><i>Edit</i>: No way! I <i>did</i> end up getting a random empty email. From a &quot;Adventure-Meter Department&quot; at bugbusterbrigade.com. The topic of the email was &quot;Scents and Memory&quot;.<p>This is a <i>really</i> weird email. It&#x27;s not a spam email, it&#x27;s some sort of attempt at inbox testing. Perhaps it&#x27;s an attempt to sniff out AI agents signing up for their service?",2
48652131,"I think this partially buries the lede: &quot;As a single hiring vendor comes to dominate screening for an industry, it may be more likely that candidates are shut out.&quot;<p>If we move to using just a small number of AI models to help do things like hiring, we will amplify biases and possibly completely lock out portions of the population.  We need to be very careful when using AI systems to evaluate people in general -- not because they might be biased (which they might be), but because even a small bias, if used by virtually everyone, can be damning.",1
48653837,"A lot of obvious LLM speech is obvious, but please spare us academics and former academics who learned how to use an em- and en-dash properly. Proper writing in general is being derided by younger folks who are too uneducated to tell the difference. I recently had someone claim my company&#x27;s website, which is virtually unchanged since 2020, was &quot;obviously AI.&quot; Yeah, kid, except you can go on Internet Archive and see it before ChatGPT was dropped.<p>But it doesn&#x27;t matter. It&#x27;s just playing chess with pigeons at that point.",0
48652517,"Even if AI is the next combustion engine, would you bet the farm on a C tier buggy whip manufacturer like Oracle being the next Ford or General Motors?",1
48653416,"I wrote this because I keep seeing “AI idea validator” tools give founders a confident score from nothing more than a pitch.<p>My argument is that AI is useful upstream for sharpening the idea, but it cannot be the verdict on demand. The interesting signal is whether strangers do anything when the offer is put in front of them.<p>Curious where people here draw the line between useful AI feedback and fake validation.",0
48653566,"As long as they&#x27;re doing ~$12B&#x2F;year in revenue, they&#x27;re likely to stick around.<p><a href=""https:&#x2F;&#x2F;news.airbnb.com&#x2F;airbnb-q4-2025-financial-results&#x2F;"" rel=""nofollow"">https:&#x2F;&#x2F;news.airbnb.com&#x2F;airbnb-q4-2025-financial-results&#x2F;</a>",0
48652871,"&gt; If you are asking “Why should I support AI efforts at all?” I believe we are in the midst of a transition more vibrant than the industrial revolution. Opinions formed a couple of years ago about the uselessness of AI are no longer valid. Millions of people and organizations are getting great returns from using it, and the demand for data centers is the market responding to the value signal. That is how progress is made!<p>Seems like a sort of shallow argument. The industrial revolution also had these same sorts of problems. Few are going to be enthused about living next to a dirty coal power plant either.<p>It&#x27;s rational for people push back against projects that create problems for them, with no compensating upside.",1
48654461,Give a chart with actual numbers on the increase in temperature versus the sun. Not a diagram from an elementary science textbook on how air conditioners work.,0
48652559,"Probably meaning C-Suite thought productivity was up because of AI, either because A) metrics showed high AI usage or more commits&#x2F;LOC or B) we&#x27;re mandating AI usage, why wouldn&#x27;t it increase?",1
48653312,"its completely ironic but outside of claude ignore&#x2F;harness rules, i&#x27;ve seen this stuff go out the window where ai is concerned or just brush it under the rug",0
48653708,"Yes, it&#x27;s a pyramid scheme. There has been no real tech growth products since Web 2.0&#x2F;mobile. VR&#x2F;Metaverse? No. Web3? No. AI is another attempt at a manufacturing a synthetic, viral &quot;growth technology&quot; because we&#x27;ve run out of easy, high-value Web 2.0 eyeballs to mine for &quot;engagement&quot;. AI blew up way bigger than web3, and arguably is a little bit less useless, but it&#x27;s basically made of the same stuff. Unless something fantastic and magical happens. But it won&#x27;t.",0
48653747,"I&#x27;ve been on a crusade against sloppy use of AI recently. A conversation between my brother and I spawned the idea of &quot;emoji reaction dog whistles&quot; and I couldn&#x27;t stop thinking about the idea until I wrote it down. Not meant to be taken very seriously, but not entirely UNseriously either",0
48653382,"Facebook hired a bunch of people from Google&#x27;s search ads division to basically replicate their real-time bidding system.<p>Their innovation isn&#x27;t in ads, it&#x27;s in creating a sticky app experience that downranks posts with external URLs to keep people on their site, one that&#x27;s now fine-tuned to retain the lowest-common denominator of technology user (boomers). Ironically, a segment that the OG Facebook avoided like the plague is now their bread and butter.<p>People who don&#x27;t understand nor care about how the system works are the ones most likely to click on targeted ads, share sensationalist slop and comment positively on AI videos of of Hegseth fighting Godzilla.<p>And even then, for ad buyers, the ROI is a complete crapshoot because of how purchase attribution works on every ads platform. Every ad platform puts their marketing pixel on your site, and they all try to take credit for every sale made on it.",0
48653582,"Sadly the ones conservative on AI tend to also be conservative on things like WFH or honoring the hacker manifesto. (Judging based on religion, national origin etc)<p>And where do we go from here? Law? Medicine? The trades?! Every path seems longer and&#x2F;or more precarious, but I feel like I&#x27;ve had the same uncertainty as my friends who were writers and artists despite losing many a night (and many a partner) because I worked longer hours but ended up in the same precarious place as my peers.",1
48652870,Most companies are not seeing 2x or 3x of value produced from developers with AI is the reason,0
48652765,"&gt; I wonder if the approximation could be useful in something like forensics from a security video?<p>No. It&#x27;s just some plausible thing the AI made up. It&#x27;s literally like asking an LLM to generate evidence of a crime based on the prompt you presented.<p>There are plenty of cool use cases, just not forensics.",1
48654543,Video games have been calling this kind of thing &quot;AI&quot; for multiple decades now.,0
48654447,&gt;&gt; Double glazing is very expensive but no one in Europe would go without it.<p>This isn’t true. I’ve lived in 3 places in London with single glazing. They’re surprisingly common. All new properties come with it but the majority of our housing stock is old.<p>There’s also little comparison between air con and double glazing. One will be helpful for 4-6 months of the year and reduce my energy bills. The other will be necessary at most 1-2 weeks a year and will cost me thousands of pounds up front. Most people simply can’t afford that.,1
48653845,"Ignoring the fact that some people don&#x27;t have arms, what&#x27;s to stop AI generating video with the required motions? However, if Google can normalize having a camera on in order to browse, then they can process your facial expressions when they show you ads. So the end game is an AI reacting to advertisements served by another AI. O brave new world...",0
48653485,&quot;Extreme Heat&quot; seems to be 37-40 degrees Celsius which is bafflingly mundane to me as an Australian who grew up in rural New South Wales. We&#x27;d pack 30 kids and a teacher into an un-airconditioned classroom with just a ceiling fan and the windows open in that temperature.<p>I imagine the buildings there just aren&#x27;t built to support that heat plus the body height of hundreds or thousands of attendees?,0
48652527,"I sometimes use LLMs as search engine replacements for finding libraries for a specific niches. Gemini is the only one that seems to routinely hallucinate Rust crates from thin air, where otherwise Google is the one most willing to let their LLM peek at a search index to have up-to-date ground facts. It&#x27;s puzzling. Definitely feels like it&#x27;s not &quot;organizing the world&#x27;s information&quot; there.",0
48653198,That’s a problem. I work quite a bit with AI now by if I didn’t have a ton of experience writing code myself things would go off the rails quickly. I often have to steer the AI in a different direction from the  initial plan it comes up with.,1
48652736,"Based on the fact that Claude Opus 4.8 decided I needed a cybersecurity exemption to debug a stupid pure virtual call bug (basically virtual method called inside of destructor) that I had already found, oh boy, I sure would <i>love</i> to have my 3D prints analyzed by Anthropic safe guards. We should also ensure that nothing shaped like a dildo can be printed without scanning our face and genitalia and keeping it on file with Persona while we&#x27;re at it.<p>I&#x27;m not mad at you for suggesting this, you&#x27;re right, I&#x27;m just generally aimlessly angry and ready for this world to burn.",2
48652714,"Fun fact:<p>There is a law in California that has been interpreted to mean that all clubbing weapons are illegal.  So if you by a length of pipe and keep it around (e.g. under your bed) explicitly for self-defense purposes, you have committed a crime.<p>IANAL, but as far as I can tell, keeping a shotgun in your home for self-defense purposes would be fine, as long as you aren&#x27;t planning ahead of time to use it as a club.<p>[edit]<p>My information is slightly out-of-date; there was an injunction against enforcement in 2024 from Fouts v Bonta.  I have no clue the injunction is or is not still in effect, so ask your lawyer before carrying a club.",1
48652384,"Quick Start Generate LoRA Adapters From metadata (JSON string or file):<p>tessera generate \   --from-metadata &#x27;{&quot;task&quot;: &quot;classification&quot;, &quot;domain&quot;: &quot;medical&quot;}&#x27; \   --base-model mistralai&#x2F;Mistral-7B-Instruct-v0.2 \   --rank 16 \   --save .&#x2F;adapter.safetensors<p>From text description:<p>tessera generate \   --from-text &quot;Medical diagnosis assistant&quot; \   --base-model mistralai&#x2F;Mistral-7B-Instruct-v0.2 \   --rank 16 \   --save .&#x2F;adapter.safetensors<p>From document:<p>tessera generate \   --from-doc .&#x2F;document.txt \   --base-model mistralai&#x2F;Mistral-7B-Instruct-v0.2 \   --rank 16 \   --save .&#x2F;adapter.safetensors<p>Base Model Management<p>Download a base model from HuggingFace Hub:<p>tessera model pull mistralai&#x2F;Mistral-7B-Instruct-v0.2 tessera model pull meta-llama&#x2F;Llama-3.1-8B-Instruct tessera model pull deepseek-ai&#x2F;DeepSeek-R1-Distill-Qwen-7B<p>Start vLLM with a base model:<p>tessera model serve-model mistralai&#x2F;Mistral-7B-Instruct-v0.2 --port 8000 tessera model serve-model mistralai&#x2F;Mistral-7B-Instruct-v0.2 --gpu-memory-utilization 0.9 tessera model serve-model mistralai&#x2F;Mistral-7B-Instruct-v0.2 --quantization awq<p>List cached base models:<p>tessera model list-models<p>Remove a cached model:<p>tessera model remove mistralai&#x2F;Mistral-7B-Instruct-v0.2<p>Start Tessera Server<p>Start the hypernetwork server (with auto vLLM):<p>tessera serve --port 8080 --base-model mistralai&#x2F;Mistral-7B-Instruct-v0.2<p>Start the hypernetwork server (standalone):<p>tessera serve --port 8080 --host 0.0.0.0 Check Server Health tessera health --url http:&#x2F;&#x2F;localhost:8080<p>List Available Models<p>tessera list",0
48653462,"I&#x27;m more of a bitmap font guy (at least, as long as my eyes continue to forgive me for it) but I&#x27;m always interested to see what other fonts there are around. It does look quite nice.<p>I must admit when I ran across the second real paragraph from the main page, I couldn&#x27;t help but only think more and more about how we will look back on marketing copy like this in a decade from now:<p><i>AI assistants produce both code and prose. MonoLisa Text renders long-form explanations with optimal readability, while MonoLisa Code keeps your code crystal clear. The perfect pairing for the AI era.</i> (Under the title <i>&quot;A perfect pairing for the AI era.&quot;</i>)<p>Ignoring the deep pit of sadness I felt when thinking about the incredibly long (and revolutionary) history of typefaces that led us to today for just a moment, I&#x27;m honestly curious how effective this marketing is. How many people would assume a font would be suitable for general text but not LLM-generated text and would need to be dissuaded from that notion? I wonder if someone has started selling keyboards that are &quot;perfect for prompting&quot; (but I&#x27;m too scared to look at this stage).",1
48653441,"You are right and this is the way, it&#x27;s just a lot easier said than done, especially the quizzes&#x2F;exams part.<p>There is a tension between: - authentic assessments (not multiple choice&#x2F; - grading resources - computer lab availability - students using AI in very discreet ways on their own laptop when taking an in-person exam<p>So overall you are on point, it&#x27;s just really hard to do honest authentic assessment at scale right now (in person or otherwise).<p>I see a potential for it to get much better, or much worse... Hard to tell which way it will go right now.",0
48651734,"Unless you believe that Black people are racially inferior, I think this is simply evidence of racial discrimination at a systemic level, from education through employment. AI merely reenforces the systems built to favor white people.",1
48654188,"People tend to rely on air temperatures when in reality the lethality of heat is probably more linked to the wet-bulb temperature.<p>The human body has a natural resting temperature of about 37°C, and metabolism of course generates more heat constantly, so we constantly have to shed that heat. When the temperature is low, we can rely purely on conducting the heat into the atmosphere to shed the heat (which is probably why internal body temperature is higher than the atmosphere!). At higher temperatures, conduction is less efficient, or sometimes even adds heat load into the system (at above 37°C, obviously), so we start relying on evaporative cooling (i.e., sweat) to cool us down.<p>The wet-bulb temperature is the minimum temperature that can be reached by evaporative cooling. So when the wet-bulb temperature is in the mid-30s °C… people start to become literally unable to regulate their core body temperature, and the heat is lethal. Wet-bulb is largely a combination of the temperature and humidity, but unfortunately, it&#x27;s not typically reported in most weather reports, so people go off of the air temperature (and the humidity) that is reported.<p>Which is a long-winded way of saying &quot;the humidity matters <i>a lot</i> for how much a given temperature is bearable.&quot; I don&#x27;t know what environment you come from purely by rural New South Wales, but my first guess is the semi-arid and thus low-humidity bush regions of the state, which means the apparent wet-bulb temperature of 37-40°C would be a lot lower than the equivalent 37-40°C for most of the humid continental climates of Europe.",1
48654375,"Hah! Thanks for whomever posted this. This is my little baby&#x2F;project and I&#x27;d like to share a little about it... Quite some years ago (before all this AI Hype) I ventured on trying to deeply understand how Linux containers worked. At first I built a shell script called `box` that used the Busybox `unshare` utility to create little isolated namespaces&#x2F;cgroups where you could &quot;box&quot; your little program on the root file-system. Later on I decided to write box in Go.<p>box now is basically a fully capable lightweight daemon-less container runtime, much like podman (but no rootless, not yet). Along with another project I also wrote called sshbox that is basically an SSH reverse prox; are what powered mbox.blue<p>mbox.blue is basically an experimental shared Linux system based around the core idea of persisetnt containers. All home grown.",0
48652909,"These are the epitome of individualism. It&#x27;s a <i>Fuck you I&#x27;m safe</i>. They&#x27;re even designed to look like fists. Here is a quote from General Motors truck designer Karan Moorjani:<p>“I remember wanting it to make it feel very locomotive… my first week in Detroit I was driving through downtown and seeing the fist of Joe Louis, and remember thinking that’s what this truck should look like – a massive fist moving through the air.”<p>... we spent a lot of time making sure that when you stand in front of this thing it looks like it’s going to come get you. It’s got that pissed-off feel, but not in a boyish way, still looking mature. It just had to have that imposing look,” explained the GM designer.&quot;<p>The design of these things is deliberately antisocial. The huge hood is not even needed since it&#x27;s possible to stand inside the mostly empty engine bays of these things as FortNine showed: <a href=""https:&#x2F;&#x2F;youtu.be&#x2F;YpuX-5E7xoU?t=431"" rel=""nofollow"">https:&#x2F;&#x2F;youtu.be&#x2F;YpuX-5E7xoU?t=431</a><p>But it&#x27;s not just the hood heights wrong with modern vehicles. Multiple design trends are hostile to other road users and reduce safety equality if you will.<p>- Headlight hues are white and blinding<p>- Headlight positioning has increased with the hood height which tends to blind people.<p>- The pillars in vehicles are really thick and raked which is safer for the occupants but also means visibility is reduced. Great, so now people in bigger, newer, safer vehicles are more likely to hit pedestrians and people in older, smaller vehicles.<p>- Windows are more tinted and often smaller meaning vehicles are opaque walls now which hinders visibility and communication at intersections.",2
48651750,"Practically, what this boils down to is having clear success criteria.<p>The harness (Claude Codex, Codex, Pi etc) keeps throwing things into the context and executing tools (as directed by the model) until the success criteria is satisfied.<p>The &quot;rules&quot; of using AI successfully are basically just the rules of any successful development team. Break things down into clearly defined chunks, make the success criteria clear and provide a way to get the right feedback on how the system is running (logs, metrics, traces etc).",0
48654288,Nothing that European countries can do will remove the need for more air conditioning.,0
48654439,"And this code is often full of security vulnerabilities. It&#x27;s just hacks on top of hacks on top of hacks. You end up with 100K lines of code full of weird fallbacks, doing something which could have been done more reliably with just 1K lines of code.<p>I think author&#x27;s comment about preferring systems which make invalid edge cases impossible rather than implementing fallbacks is hugely important. With the fallback approach; you end up implementing fallback on top of fallback on top of fallback... Each fallback seems to increase the amount of code exponentially and somehow it always creates new problems. This should almost be a &#x27;General law of system design.&#x27;<p>Fallbacks reduce the risk of failure but make failures more complicated and harmful when they do happen.<p>As a software engineer, like the new coding environment which is being created by AI.<p>Big tech companies have created infinite work for me. The human developer has become a critical component of code execution. The human needs to always be present to handle the nearly infinite number of difficult unhandled exception cases which are guaranteed to occur from time to time.<p>The software engineer is no longer like a laborer, but more like a security guard who sits at his desk drinking coffee most of the time and only steps in on rare occasions when something goes wrong.",1
48652638,"Compaing AI datacenters (which haven&#x27;t proved to benefit most people, especially the ones near such DC) to nuclear is a really dumb analogy.",2
48653375,"Isolated, on-demand microVMs — built for AI agents, code execution, and dev environments.",0
48653025,"I hesitate to say this because I think the AI hype is generally overdone, but I was contemplating the other day how much I would recommend my employer spend on AI tooling for me based on my salary and it&#x27;s got to be in the tens of thousands of dollars per year if I&#x27;m being honest. I&#x27;m a contractor. On my most recent client, I was able to learn a completely new domain and business, design a solution and build a full stack POC (a complicated one with technologies I had never used before) nearly singlehandedly in less than 2 months. That includes all of the onboarding time, getting access to the right people, repositories, databases etc. What made it possible was 1) the AI helped me understand technologies I had never used before, from a 30 year old Java stack to graph databases, 2) it could analyze DDLs and make correct inferences about what tables and columns meant in both business and technical terms,  3) it generated mostly-correct code in multiple languages to achieve what I needed it to do, and 4) it referenced libraries I didn&#x27;t know existed to accomplish tasks I needed done. I could cycle between these activities and iterate FAR more rapidly than I ever have before. To me this is the thing the AI companies should really be emphasizing. I&#x27;m not convinced autonomous agents are really working out, but I&#x27;m 1000% sold on their ability to empower developers. And I say this as a pretty skeptical late adopter who only knows the most basic AI tooling.",1
48652207,AI vibes all the place!,2
48654624,"Unless the aircon is a heat pump, in which case it’s also useful in the winter, it’s more efficient and carbon neutral if your electricity grid is decarbonised.<p>If most people can’t afford a heat pump, why do we entertain the idea of making them pay an order of magnitude more to better insulate their home, which doesn’t even work in the end?<p>You’ve been misinformed by European media. Please do your research, it’s all online.",0
48652841,"I was planning to wait until the M6 generation to replace my 16&quot; MBP M1 Pro. But after Cook said they will have to increase prices soon, I went out and bought an M5 15&quot; Air with 24GB&#x2F;1TB.<p>I think the M6 Pro&#x2F;Max generation will have a substantial price increase given the new design, OLED, N2 TSMC node, and memory prices not coming down.",1
48653007,"&gt;Until AI comes for your mechanics job too,<p>Yes and no!!<p>New cars are computers on wheel, you need a computer to release the break pad in some cars which is insane.<p>Now, when it comes to being a mechanic per se, there is no robot able to perform most of the jobs done by a human. Good mechanics are full booked.",0
48653510,"AirBnb should just close up shop, they aren&#x27;t worth it. Hotels are 10x better value",1
48652652,"Get your buddy with his smoking Mac to allow multiple concurrent connections and see how it gets on compared to your Spark.  Don&#x27;t ever use a single &quot;chat&quot; test to derive performance - try running say 10 or more.<p>You might also notice that your Spark has a pair of QSFP28 or DD (not sure yet) type interfaces as well as the 10Gb&#x2F;s ethernet - that network card is a right old beast and adds quite a lot to the cost.  It is capable of either 200 or 400Mb&#x2F;s and can be split into two lots of four.  Your mate&#x27;s Mac probably has a wifi connection and is too cool for ethernet 8)<p>That NIC is there for a good reason - the Spark wants some friends to cluster with and you will absolutely spank any Mac when you spaff Mac style money on say three of these beasts and some cables and cluster them up.  If you want four or more, you will need a switch and Mikrotik and others have them.<p>Casual &quot;tokens per second&quot; in AI is a bit like gamers whittering on about &quot;ping&quot; when they are using TCP and UDP for their games.  ICMP request&#x2F;response is a handy way of testing network paths and can give some indications towards potential performance limitations.",1
48653286,"AI is more like a union that controls the entire labour pool. I&#x27;m one out of a few million developers. I&#x27;ve got very limited bargaining power. I can&#x27;t withdraw my labour because I need it to make rent and buy food. My cost has a very predictable ceiling.<p>On the other hand, there&#x27;s two AI labs, that could afford to eat your profit, because what are you gonna do? They&#x27;re your entire labour force.",0
48652218,"&gt; While vehicle sizes are indeed trending upward in Australia and Europe, giant SUV and especially giant truck penetration in both countries is still far behind US levels<p>Many big SUVs are flat out illegal in Europe, you’d need a small truck license. It’s hard to comprehend how large American cars are unless you’ve lived in both places.<p>For example:<p>we took an Uber to the airport for our annual pilgrimage back home. We had 4 suitcases this time because new babies need gifts. In USA we got picked up by a sedan and everything fit in the trunk. In Europe we rented an SUV and had to break down the rear seats to fit everything.",0
48653298,"&gt; * Bias is absolutely impossible to avoid, especially with how today&#x27;s &quot;AI&quot; works.*<p>Unless you&#x27;re taking the &quot;there are multiple mathematically incompatible ways to define bias&quot; view of the topic, just do what&#x27;s already known best practice for high-bureaucracy human review. Which is too define an overly-pedantic standard rubric.",0
48652310,"Not really an ai response but I remember the path following and aggro is really smart in Elden Ring and earlier Dark Souls. That is you try to run away after pulling aggro and when you think you&#x27;re safe you&#x27;ll run into some other strong enemies, after which, oops, the original enemy followed you down a ladder and stabbed you in the back. Of course they have a bunch of occasions where enemies are in places you don&#x27;t expect them as well. It isn&#x27;t really about the mob ai as much as level design and the balance of difficult-to-kill enemies at inconvenient times.",0
48653293,"How long until people get police showing up at their door because they tried to print something harmless but gun-shaped (like a light gun for retro games, or Nerf-style toys) and were flagged by the AI &#x27;firearm detector&#x27;?",0
48654283,"I&#x27;m wondering whether this is a permanent change. After all the easy-to-find bugs have fixed and you can&#x27;t find them just by asking an AI, perhaps security issues will deserve special treatment again.",0
48654532,We used to say genius is 1% inspiration + 99% perspiration. Now we say genius is 1% inspiration + 99% tokens.<p>I was able to enjoy the subsidy from these AI companies to build some projects quickly. Even my wife (non-techie) is able to get a lot of data analysis and processing done once I taught her how to use Codex. We&#x27;ll just keep enjoying it while it lasts.,0
48654204,"I feel like what should have happened with AI is that teams should have started to put more effort into planning and pre-implementation discussions. Second thing, team leads should have felt more comfortable to reject large Pull Requests.<p>When I see a large 10k-lines PR, I feel a sense of panic. In a corporate setting, I also feel a kind of pressure to approve; the more work was done, the more pressure there is to approve the PR. This is why I think up-front pre-implementation discussion and alignment has become essential.<p>You really can&#x27;t have people going rogue and weaponizing their AI-generated lines to gain control of a project through the duality of brittleness + complexity.<p>Brittleness + Complexity = Control",1
48652981,"If your company was giving you Copilot, they were never that far on board the AI train anyway.",0
48654119,"Maybe I&#x27;m being defensive, but the problem with this chart is it assume a binary of good dev&#x2F;bad dev; AI makes the bad dev worse and the good dev better.<p>However, I think I once was a pretty good dev, and AI use is slowly turning me into a slop cannon. The temptation to use AI in place of real understanding is too strong.<p>I&#x27;m sure you&#x27;ll say I was always dead weight, but I just want you to consider the possibility that AI might erode the capacity for good devs to handle discomfort, turning them into bad devs.",1
48651901,My co-worker and I call AI output like this “an overexertion of words:” the excessive jargon or concept-packing AI tends to do. “Overexertion” here being a collective noun like “a kaleidoscope of butterflies” or “a murder of crows.”,0
48653340,"The fact is that a lot of people think AI is overvalued to the point there&#x27;s no way it can deliver on the hype, so (if they&#x27;re right) there necessarily must come a crash that brings sentiment down to the same level with objective reality. There&#x27;s a lot of hype surrounding AI, so there&#x27;s many different ways to defend the idea that it&#x27;s overhyped, the same way that if you ask ten different people what is most wrong with the country, you&#x27;ll get ten different answers.<p>&gt;- Are we really in for a crash?<p>The question you should really be asking is, is AI really overvalued, or is it so useful it justifies all the hype that surrounds it? If the former, then yes, a crash is inevitable, because we don&#x27;t live in the land of make-believe. If a crash never happens then AI was not overvalued, it was valued appropriately.",1
48652725,"That does not sound stupid, but safe? I giant truck that has no chance of stopping, controlled by a computer? Just build railways and then there are no issues, no fancy AI to control them.",2
48653926,"This type of mentality is really not helping anyone. If you really think shaming people works, I don&#x27;t know what planet youve been on for the past 10 years. And I reallllly dont trust any of you to accurately determine intent lol.<p>The people going around pointing fingers about AI often get it wrong. Just listened to a podcast in which the host baselessly accused a film studio of using AI in their marketing and they later had to apologize because GUESS WHAT? An actual artist with feelings made the poster she was talking about. I&#x27;d honestly rather let a hundred AI fraudsters off the hook than falsely accuse one person of using it when they actually made a genuine effort.",2
48652834,What I don&#x27;t understand is why some companies are so stingy on AI token usage.<p>If you&#x27;re paying an engineer $X and they&#x27;re getting 3x the amount of work done you should be happy paying up to $2X in AI tool usage.<p>In reality many companies start complaining at their employees when they hit $0.1*X or less.,1
48652403,"Agreed.  It touches on the same points raised in this recent post,<p>“If You are Asking for Human Attention, Demonstrate Human Effort”<p><a href=""https:&#x2F;&#x2F;news.ycombinator.com&#x2F;item?id=48497609"">https:&#x2F;&#x2F;news.ycombinator.com&#x2F;item?id=48497609</a><p>If this interview isn’t important enough to assign a human to the task,  it sends a message about what you should expect as an employee.  I’d expect a larger percentage of these AI interviewers will be vetting AI interviewees.",1
48654148,He was definately referring to gooning to llms.,2
48653004,&gt; <i>That&#x27;s a pretty common sense legislation to me.</i><p>There&#x27;s no reason to single out AI vs any other approach to the same topics.,0
48653038,"&gt; Anthropic banned me from using Claude Code and I don&#x27;t know what to do<p>Should be:<p>&gt; Anthropic banned me from using Claude Code unfairly and I don&#x27;t know how to appeal<p>What does &quot;I don&#x27;t know what to do&quot; even mean? Genuinely who cares if this happens? Its not like the old days where being banned from adsense could literally destroy your business... If this is how they treat you then screw them and just go use Codex or something.<p>It&#x27;s genuinely insane to me how many people now seem unable to function without Claude.<p>I realised earlier I have multiple coworkers who literally could not work during the Anthropic outage. I use CC quite heavily, but I only found out about the outage after I noticed they were sending multiple messages about how they weren&#x27;t able to work. Some people now seem to think that writing code by hand is a feat which humans can no longer do with any reasonable level of productivity. There&#x27;s also a dude I work with who is really irritatingly running all his messages through Claude because his Slack messages have all the annoying hallmarks of Claude – e.g., &quot;I&#x27;d like to highlight with you one very real issue [x] raised yesterday&quot;. I was trying to get hold of him during the outage and he suspiciously didn&#x27;t reply until the outage was over.<p>Until today I thought it was a bit of a meme that people were becoming dependant on AI, but I&#x27;m starting to see it everywhere at this point...<p>&gt; Do you guys have any tips on getting my account back?<p>I think you&#x27;re asking the wrong question. I&#x27;d consider asking why you care so much. This should be a mild inconvenience at most.",1
48654313,"Living in London and Dublin, what I&#x27;ve observed is that we get the following contradictory statements:<p>- &quot;We don&#x27;t need AC, It&#x27;s only hot a few times during the year.&quot; - &quot;Oh what a terrible heat, global warming is getting worse every year.&quot;<p>Pair to that the fact that in many places windows don&#x27;t open all the way due to bureocratic regulations and many interior designs are very questionable in terms of air flow and you get some unpleasant scenarios.",0
48652659,"Anyone willing to put Ghibli themed AI slop on their page has nothing to share about truth, unless their truth is that management is fundamentally unethical.",0
48653264,"Once upon a time, people worked on making imaginary maps <a href=""https:&#x2F;&#x2F;www2.cs.arizona.edu&#x2F;~kobourov&#x2F;PROJECTS&#x2F;maps.html"" rel=""nofollow"">https:&#x2F;&#x2F;www2.cs.arizona.edu&#x2F;~kobourov&#x2F;PROJECTS&#x2F;maps.html</a> to visualize datasets like TV and music recommendations. It was fun. In a 2026 context, one might use AI to post process the maps and make them even better.",0
48653047,"&gt; what used to be an exciting and disruptive employer (but isn&#x27;t any more - its just a boring old money maker).<p>I feel sorry for this person, but I would be surprised if this would have been okay at Google in the past 20 years. It wouldn&#x27;t have been okay at any company I&#x27;ve ever worked at, big or small.<p>I think there&#x27;s a valid argument that this started as a simple DevRel script or trick, but due to the way you can write a lot of code very quickly with AI it expanded to something that resembled a full-blown product.<p>Maybe uncharted territory as the previous assumption was that an individual DevRel person releasing scripts couldn&#x27;t be mistaken for a supported product because one person couldn&#x27;t produce that much code in the past.",1
48654670,"&gt; <i>moving to an &quot;ai-server&quot; running opencode</i><p>What&#x27;s the configuration of this server? How many do you need to deploy for your team size &#x2F; estimated usage, if you&#x27;re comfortable sharing that.",0
48653459,"I disagree with the conclusion. AI systems out-persuaded expert humans in 2026. Should AI systems be prevalent in political debates, each of us will become experts at dealing with this, and it&#x27;s not clear AI systems will out-persuade humans in the long run.",1
48654036,"I think it&#x27;s more that air conditioning is (currently) prohibitively expensive. The few people I know that have it spent several thousands of euros on their installations. That&#x27;s not something most people have lying around.<p>You&#x27;d think the government could subsidize aircon like they did solar for years, and both of those things combined would translate to very pleasant summers spent in energy neutral air conditioned homes.",1
48651948,Linked your own project with an &quot;All rights reserved&quot; license?  The only thing my company will allow me to do with that software is have AI steal it &lt;&#x2F;s&gt;,0
48651814,"A much greater achievement than training frontier models, or building any kind of software stack, if you ask me.<p>Yet everybody seems to think the moat is with the AI companies or nvidia.",0
48653378,"I wish there was a button on my keyboard that I could press when there&#x27;s a red squiggle in the last N words, which would cause my computer to fix the underlined word to its best guess. It should wait until a few words later, to get more context. It should flash the new word as it&#x27;s being inserted, so I can easily see what it&#x27;s done.<p>Spell check used to be kind of lousy, but with AI I imagine it would have a very high rate of accuracy in context. I am greatly slowed down by having to delete a few words&#x2F;chars every now and then, and if I could just smash a key and go on my way, it&#x27;d be much more efficient.",1
48652408,"No, it doesn&#x27;t. The AI boom&#x27;s unsustainable economics put the AI boom at risk, and Americans&#x27; opposition to datacenters stems from our understanding that this is a short-term bubble that benefits a very few people at the expense of many. But, sure, blame the little guy.",0
48654196,"Air conditioning only works for things inside of buildings. Not so good for the plants and animals our lives depend on.<p>And it raises the heat outside of buildings. Not so good for people who have to be outside, think first responders etc.<p>&quot;just turn on the AC and keep burning the world down&quot; isn&#x27;t really the answer.",0
48651829,"The manifesto is somehow devoid of coherent arguments. You are still personally listed as the author of your commits, adding a co-author is not a mechanism for moving all accountability to that co-author. That&#x27;s not what a co-author is.<p>I suspect the author of the website forgot to include in their prompt why they actually dislike AI Co-Author attributions. Or maybe they just have really bad colleagues<p>And that&#x27;s while there are plenty of good reasons not to list the AI as co-author. I stopped letting Claude include it",1
48653738,"China has run at 360kmh before, but last I checked they mostly run slower.<p>Air resistance is a killer as you go faster. So for trains 300 is usually about the best compromise between energy use and speed. If you want to go faster a jet at altitude is going to be much faster at a better fuel efficiency. High speeds make sense for long distances.",0
48654413,"Vulnerability reports were never special.<p>The _demonstration_ of security impact through vulnerability reports was special. The automation of “demonstration of impact” with AI isn’t that at all. The last mile is human and always was. This isn’t to say it won’t change in the future, but that’s a fact of where we are now.<p>Vulnerability reports aren’t special anymore. They never were. It was the impact, the demonstration, the communication that was special.<p>When you realize that this is being written from the perspective of someone who does vulnerability reporting in a professional capacity, you’ll connect the dots. We took care to be kind and succinct because for many of us, we learned our skills from being on the development side of things first.<p>Vulnerability reports aren’t special anymore. The only ones that felt special were the ones with human touch, the ones doing their job as an adversarial thinker, and taking the care to understand that net positive outcomes require coordination even if both parties don’t see eye to eye.<p>Nothing has changed. It never was. You’re just inundated with AI slop; which as a practitioner who uses AI regularly I can say with absolute confidence. The end result is the same, the volume is increased, but the special thing was never the report itself.<p>Finding a vulnerability was always the easy but high toil part. It was the care to communicate succinctly and be invested in the outcome that was special.<p>Godspeed.",0
48652649,"Yeah I just mean that if a business came to them and asked for fifty licenses to the $200&#x2F;mo plan, OpenAI would tell them to kick dirt and basically pay API pricing. Startups should 100% just be telling their employees they can expense up-to $whatever&#x2F;mo in AI-related expenses, and let software engineers go buy personal Codex&#x2F;Claude subscriptions.",1
48653224,"Nobody cares about their training costs. Their collapse is the optimal outcome for humanity. Oligarchs blowing trillions on a godlike AI, only for the model to leak so that everyone with the hardware can use it, is literally the best case scenario.",0
48654260,"This matches my experience coding, and the expectations I (and many other) have been voicing for years about why AI is still a ways away from solving coding. The hard part of programming isn&#x27;t pressing the keys to put code into a file, it&#x27;s understanding the problem and coming up with a good, clean, extensible solution. AI is great at making ok solutions that technically work, but pretty bad at having a good <i>vision</i> for a solution. AI is still very useful for bouncing ideas off of and exploring to create a better understanding, but writing a good spec for an LLM to implement isn&#x27;t <i>much</i> easier than just writing the code yourself.",0
48654538,I’m not debating that the sun is stronger heating source. I’m just saying air-conditioning increases climate change because it uses fossil fuels and also the law of thermodynamics dictates that he will be created in this instance.,0
48651773,"To me it appears as if the study using the constructed dataset was a completely different one than the one that was concerned with AI.<p>For the AI study real data from &quot;3.4 million people who submit 4 million job applications to 1,700 job postings across 150 employers and 11 industry sectors&quot; was used.",0
48652429,"&gt; no functional utility<p>Air cooling while towing (allegedly), but it must be a tiny percentage of owners that tow at all.",0
48654588,I wonder how much utility of such special-purpose languages will keep getting diminished as AI coding becomes a staple in programming and software engineering.,1
48654296,"Friend, we are discussing a demonstration of systemic bias in hiring decisions made by AI models. The argument is that it is someone&#x27;s fundamental right to be treated the same as someone else with the same qualifications but different skin color.",0
48652957,"I&#x27;m not talking about wealthy areas. I&#x27;m talking about working class areas, where residents complain (loudly and often) that there aren&#x27;t <i>enough</i> police. There&#x27;s a common online meme --- you didn&#x27;t say it but you can feel it in the air on this thread --- that working class people see themselves in solidarity with people who commit property crime. That idea is really quite offensive, in addition to being dead wrong: in fact, the logic you&#x27;re using here is much more potent with respect to crime, because working class people can&#x27;t absorb e.g. the loss of their car with the ease that you and I can.",0
48654635,"&gt; <i>How do you go about comparing models?</i><p>I do this often: I&#x27;d have a prompt in mind before I manually find the fix for subtle bugs, or plan out how I&#x27;d implement a feature. Then, I prompt the models I want to test (with the prompt I originally had in mind) and see if any of them get it right.<p>To my surprise, the Claudes always perform better, and so, it seems like my prompting behaviour is either attuned to them, or Claudes are good at &quot;figuring it out&quot;.<p>That said, in my experiments, I&#x27;ve always found that given a &quot;good&quot; prompt (with just the right detail), the top coding models  (including from Chinese labs, which I now increasingly prefer) have no discernable difference; in which case, I usually defer to the cheaper &amp; fastest of those models (presently, that&#x27;s either DeepSeek v4 Flash &amp; Pro, MiMo v2.5 &amp; Pro, MiniMax M3; these are a coding tier below GLM5.2, Kimi K2.7, and Qwen 3.7 Max, imo) as ranked by OpenRouter: <a href=""https:&#x2F;&#x2F;openrouter.ai&#x2F;rankings?view=month"" rel=""nofollow"">https:&#x2F;&#x2F;openrouter.ai&#x2F;rankings?view=month</a>",0
48654281,"Aicon is reasonable for areas where it&#x27;s required, but &quot;solving&quot; things in areas where for millenia it wasnt required simply removes the pressure to act. This would be the opposite of what&#x27;s required right now, which is decisive and heavy action on something we&#x27;ve been inactive on for way too long.",1
48652645,"It&#x27;s strange to say it might be biased.  Bias is absolutely impossible to avoid, especially with how today&#x27;s &quot;AI&quot; works.<p>You might be able to avoid it with a panel of AI, similar to how we try to avoid it by using panels of humans, but even that turns out to be contentious and not surefire.<p>I have feeling with AI it&#x27;ll be even worse, since folks &#x2F; companies can pass the buck (similar to how health insurance companies are now using it to deny folks).",0
48652590,"&gt;I consider it a tragedy that anti-nuclear efforts largely strangled nuclear power in the US based on vibes<p>This is not a strong analogy in support of AI data centers. Power utilities are heavily-regulated with controls over impact, public access, and ratemaking. There are none of those public benefit controls in place for data centers. Defending AI economics because opposition is &#x27;vibes&#x27; is ludicrously one-sided.",0
48653066,Yeah the cost doesn&#x27;t justify the value. Spending x3 on tokens is meaningless if they aren&#x27;t seeing the profit side scale with it. Going faster on product features doesn&#x27;t mean it translates to more money. In fact I&#x27;m not even sure some customers can handle the speed at which a team could move with feature delivery.<p>So scaling horizontally in different markets seems like an advantage if a product is already mature. Which is exactly what Anthropic and Open AI are doing because they want to put their tentacles in everything.,0
48652599,do they also avoid AI code review? AI can&#x27;t write bad code if it can&#x27;t write code<p>it&#x27;s not like it&#x27;s impossible to use agents without going 100% vibes,0
48654539,"&gt; Selfish LLM usage: A situation in which someone uses an LLM to save their own time at the expense of other people’s time, resulting in a net productivity loss.<p>Brilliant. I would like to expand this definition slightly in order to include other problematic LLM usage.<p>&gt; Selfish LLM usage: A situation in which someone uses an LLM to generate text or media which elicits or demands other people&#x27;s emotional, cognitive or temporal input with the aim of saving similar resources for themselves, resulting in an unfair social exchange.",1
48653730,"A dedicated model for this purpose could easily run locally. Recognizing shapes is not exactly cutting age AI.<p>The input to the detector could be not the G code instructions, but a 3D model representation recovered by simulating the G code. (That&#x27;s a thing that exists.)<p>The requirements for a 3D printer which detects weapon shapes is actually fairly realistic.<p>It would likely have laughable false positives: 8-year-old Johnny not being able to 3D print a squirt pistol.<p>Some common tools have pistol-like form factors: spray guns, glue&#x2F;grease&#x2F;caulking guns, drills, hair dryers.<p>It is a cockamamie idea; but to claim that it is not doable seems a bit disingenuous.",1
48653043,"I&#x27;m not sure how that would legally work in EU: several countries have strict rules about ads having to be clearly distinguished from non-ads material. I know that UK has pretty strict rules about product placement in broadcasts too for example.<p>Yes they can do ads, but if they try to be subtle they will likely (eventually) be hit with fines.<p>Though, do the current rules apply to AI? Likely unclear. But if this becomes a problem I would expect new consumer protection regulation to be introduced aimed at this specific issue.",1
48652584,"I am quite certain that it is delayed on purpose to maximize the gains, but at some point some company will see the huge demand for local ai and will want to eat the cake (given that it is feasible)",0
48652337,"I&#x27;m set up to use Qwen 3.6 locally if needed. It&#x27;s solid, it does what I need, it runs on my laptop and it&#x27;s free.<p>But that&#x27;s because I never got on the &quot;run three dozen agents in a ralph loop&quot; trend or other high-token usage methods. The way I use AI is discrete and targeted and it seems that&#x27;s how it will be for everyone once the economics settle.",0
48654696,"Oh yeah, there&#x27;s no shortage of reasons not to use SF6. Even in conventional waveguides, as far as I know most designs these days prefer nitrogen or dried atmospheric air.",0
48651733,"Just redo Slack already. :-)<p>I know this is much easier said than done. And my comment is partly tongue-in-cheek.<p>But Slack isn&#x27;t great. It isn&#x27;t loved.<p>I don&#x27;t understand why Slack still doesn&#x27;t have a true single inbox view of all activity.<p>And their LLM integration is poor, for what feels like one of the clearest use cases for a rich LLM chat experience -- to discuss what&#x27;s happening in a channel, filter cruft, and ask an agent to take actions against MCP productivity tools like add a todo, etc.<p>Slack&#x27;s current AI integrations are piss poor. Just summaries with zero customization. I mean, isn&#x27;t it obvious that&#x27;s not good enough?<p>Eventually a ground-up rethink of Slack in an LLM age is going to displace Slack.<p>They&#x27;ll likely survive forever as an enterprise provider, like Microsoft Office and related tools, simply because of integrations, etc.<p>But Slack feels ripe for disruption.",0
48652501,&gt; Even some of my team members were talking about the placebo effect AI has had on a lot of C-Suite folks.<p>What do you mean placebo effect? They thought things were created with AI while they actually weren’t?,0
48653549,"It frustrates me that your comment is being down voted, because I agree with your sentiment.<p>Too many educators don&#x27;t actually know <i>how</i> to educate, and only focus on <i>what</i> to educate.<p>LLMs are offering some ways to dramatically improve how people learn (and therefore how well they learn, what they learn,etc - to rapidly accelerate and improve outcomes). However most educators, who are ignorant to the principles of how people learn, have no idea how to harness that potential. The result is in most cases students are just using AI to sabotage their own learning, because no better alternative is being offered.<p>It&#x27;s a hard problem... But it&#x27;s a shame that so few people are working constructively and pragmatically on it.",0
48652882,"Warren Buffett brags about his strategy. Jeff Bezos brags about his strategy. The reason they can brag is, even if it&#x27;s simple, competition doesn&#x27;t have the culture to copy&#x2F;follow it. (My post is literally downvoted)<p>Losing privacy has ZERO downsides for ordinary people. Nobody cares about your data. Literally, put all your life on a YouTube channel and see how many views that Video will get. ZERO.<p>Irrational fears (especially if it&#x27;s conspiratorial) =&gt; Sub-optimal decision.<p>Just like Buffett, Bezos, my strategy is simple -- go against firms that are making irrational decision. It&#x27;s the same framework to adopt cloud, AI and many frontier technologies and disrupt",0
48653717,Cool. There&#x27;s a few sites now. I&#x27;ve been using signalbloom.ai and it has 5000 US ETFs.,0
48654114,Big Ad Tech is helping push age verification because Big AI Tech took away human eyeballs. It&#x27;s not that deep.,0
48652396,Our company went from “AI AI AI” to “GitHub Copilot has been suspended due to exceeding the budget” with this month’s price increase.,0
48654289,"One thing that I&#x27;m certain of, is that there are always costs to writing more lines than what is necessary to solve a specific problem.<p>I&#x27;ve experienced this before AI, and I&#x27;ve experienced this, magnified, with AI.<p>For a well-designed project written by hand, you will work faster writing the code for new features by hand than the same project written with AI from scratch, using AI to write the new features.<p>But... If you have a well designed, human-written codebase, you will be faster if you generate the code for new features using AI than if you do it by hand... And you can maintain that speed for long periods of time if you use fine-grained prompts. What matters most is the quality of the codebase.<p>You can achieve the same degree of maintainability using AI from the beginning but you would have to make fine-grained prompts.<p>The gap is about making good engineering decisions. It just so happens that the value of good decisions compounds over time.",1
48654169,"Last time I saw one of these conversations on HN that was the key question.<p>What people disagreed on was what&#x27;s good, or what&#x27;s even good enough. I don&#x27;t think that&#x27;s a new thing but it&#x27;s becoming far more apparent in the age of AI.<p>I&#x27;ll make the claim, a demo is easy to make. But it&#x27;s far from a minimum viable product. A demo is *<i>maybe*</i> 10% of the work. But for some people I know (and work with) they act like it&#x27;s 90%.",1
48653113,"This ties into something I have been saying for months: LLMs are great at finishing tasks, but bad at aesthetics and taste.<p>There are two kinds of work: One is goal-driven work, where we have a goal to achieve, and we care very little about how we get there. Security is a perfect example; if you want to exploit a system, you rarely care about how beautiful the exploit is, all you want is access to those super secret nuclear plans. Research is also like this; &quot;research-quality&quot; code was famously terrible, even before the age of AI.<p>The other kind of work is taste-driven work. People think that, when they&#x27;re adding a feature to a large codebase, their goal is to add that feature, but that is often not the case. Keeping the codebase amenable to future changes is often far, far more important than this specific feature, and that requires taste. Note that maintainability and code quality aren&#x27;t synonymous, code quality is just a means to an end, and that end is maintainability.",0
48652475,"Allen Institute for Artificial Intelligence (ai2) is doing really good open source work in the west. It&#x27;s awful that the west has so few other pokers in the fire here for nonprofit AI. <a href=""https:&#x2F;&#x2F;allenai.org&#x2F;"" rel=""nofollow"">https:&#x2F;&#x2F;allenai.org&#x2F;</a>",0
48652442,"&gt; <i>We need to be very careful when using AI systems to evaluate people in general -- not because they might be biased (which they might be), but because even a small bias, if used by virtually everyone, can be damning.</i><p>I don&#x27;t think this even requires <i>any</i> bias.<p>Assume there&#x27;s some loose ordering of who is or isn&#x27;t a good hire, and every employer has their own fuzzy view of it. If you get slightly better or worse as a potential hire (pick up an extra degree, let your latest certification lapse, whatever), it gets <i>somewhat</i> easier or harder to get hired.<p>Now assume that same ordering, but all employers share the <i>same</i> view of it. I&#x27;d expect the divide between employable and not employable to be much sharper.",0
48654358,"I would petition all other community members to appreciate the gravity of the parent&#x27;s comment.<p>Speaking for myself as someone very early in my journey during the time when Mitnick was still active as a grey hat: he advanced our thinking about security and the nature of trust itself in ways that have never been more timely.<p>Paradoxically he profited personally far more as a white hat than he ever did in the grey area, his motivations were clearly not extractive. The authorities compelled him to go do lucrative things! (after persecuting him mercilessly).<p>RIP Kevin. We are ill equipped for the vulns of the AI, but without you we&#x27;d be helpless.",1
48654387,"Tangent point, I think more broadly this is a big piece of AI-cynicism in general- “x isn’t special anymore”.<p>It’s tough staying motivated on a craft when an AI is nearly as good as you. Chess players manage to do it at least.",1
48652064,The analogy would be an alcohol shop employee with a photographic and infinite memory which then staples an AirTag to your skin to see where you&#x27;re headed off after you&#x27;ve purchased your booze,1
48652561,The AI companies will be profitable if they ship the goods. Make AGI and companies will pay for it.,0
48653427,"For a lot of C-suite there has been more of a fast-follow approach to AI.  CEO hears 3rd hand what competitors are doing, tells his CTO to &quot;do AI&quot; and &quot;hire a head of AI&quot;.<p>So a lot of motion (do AI) was created without a destination (product outcome).  The motion was what was being measured (we are doing AI).",0
48654180,There are some problems with incentives in the vuln report space. People report trivial vulns and expect the same treatment as people reporting critical vulns. But this isn&#x27;t new with AI. Look at all the ReDos vulns in npm ecosystem. Its questionable if its a vuln in general but half of them aren&#x27;t even triggerable.,0
48652318,"This is quite brilliant. This will seamlessly integrate with every collaboration systems as long as they are able to “enroll” Claude as a user. Claude gains knowledge across systems and makes the ai enhancements for each app&#x2F;system unnecessary. For example if slack creates something similar it’s less useful because Claude’s model works across any system&#x2F;app. More so, anthropic can either charge for it separately or not , companies will pay in extra used tokens anyway.",0
48654018,"Had the US not used air conditioning so much we probably wouldn&#x27;t have this heatwave right now.<p>Oh but what&#x27;s the problem, just add more air conditioning! :facepalm:",1
48653310,"Whenever I see the cost indicator in my harness while building some probably useless thing, I&#x27;m reminded that probably everyone else is doing the same thing. Spending loads of imaginary money (according to the harness, I spent $10 worth of tokens for this single issue, but I have a $20 sub) building something of imaginary value. And then I go on social media and see a wall of slop posts, many talking about skills, systems, agents, and &quot;Karpathy Wiki Systems&quot; to build more useless things. Then I hear about all jobs going to AI, and I figure surely someone has to be the sane one to direct people not to build useless things. Surely you can&#x27;t leave that up to the AI sales guy. Every single idea I have ever passed by GPT is BRILLIANT! I don&#x27;t know where I&#x27;m going with this. At least it wasn&#x27;t written by AI. ;)<p>Edit to add: Just use Deepseek Flash 4. You can hit those servers all day for next to nothing and still scratch the itch to build useless things. ;)",1
48652487,"Yeah, I experienced that a few times in airports with massive disturbance. You could see all the hotels getting fully booked almost live, then when you eventually arrive somewhere with a booking you still have to wait an hour due to how long the queue at the hotel reception is. Always a crazy experience",0
48654117,"&gt; Had the US not used air conditioning so much we probably wouldn&#x27;t have this heatwave right now.<p>Sure we would, since AC has nothing to do with it.",1
48652710,I hope no court ever accepts AI generated evidence.,2
48654643,I wonder if they can feel the air pressure change while submerged.,2
48653184,AI can&#x27;t be accountable therefore AI cannot be the author.,2
48653911,"I’m a particular fan of the ai-for-brains emoji in Slack<p><a href=""https:&#x2F;&#x2F;slackmojis.com&#x2F;emojis&#x2F;63197-ai-for-brains"" rel=""nofollow"">https:&#x2F;&#x2F;slackmojis.com&#x2F;emojis&#x2F;63197-ai-for-brains</a>",0
48652744,Ask AI to test and deploy them. &#x2F;s,2
48652125,"I&#x27;m the author (&#x27;author&#x27;?), and I&#x27;ll push back: it&#x27;s solidly non-ironic!<p>Here&#x27;s a link from the bottom of the page. <a href=""https:&#x2F;&#x2F;no-ai-coauthors.dev&#x2F;making-of.html"" rel=""nofollow"">https:&#x2F;&#x2F;no-ai-coauthors.dev&#x2F;making-of.html</a>",0
48652130,"Thanks for the mobile heads up!<p>The manifesto is me. The website is not — and I&#x27;d like to argue that&#x27;s very non-ironic!<p>Here&#x27;s the making of, linked at the bottom. <a href=""https:&#x2F;&#x2F;no-ai-coauthors.dev&#x2F;making-of.html"" rel=""nofollow"">https:&#x2F;&#x2F;no-ai-coauthors.dev&#x2F;making-of.html</a>",0
48652016,"Reflections on AI impact, website revenue implications from editor of baseball statistics and analysis site.",0
48653952,"Matches my experience. Hard science may not have that many maximalists. Applied science and technology (electrical, electronics, computer science, even mechanical), I&#x27;ve found plenty.<p>What got me out of academia (yup, I was a professor) was:<p>Do you have vast field experience and want to get into the classroom to teach how it&#x27;s really done? Tough luck, you should&#x27;ve spent your time writing papers.<p>No matter how much you know or how good you are, everything is about feeding the maximalist machine, if you&#x27;re an outlier, worse people with better &quot;scores&quot;, more papers and never leaving faculty will forever beat you until they retire.<p>I took a good look at the publishing process. Absolutely everything about it was back-channeling to carefully select the topic, scope and reviewers of a paper to get it through the process. Goodhart&#x27;s Law at its finest.<p>Advice given to me: &quot;aim for a lower rank and be happy with teaching the whole thing while the old professor takes a nap in the corner&quot;.<p>AI or not AI, <i>anything</i> destroying that self-perpetuating bureaucracy is welcome.",1
48653429,"Everything I&#x27;ve ever heard about railway and train software suggests AI cannot possibly make things any worse than they already are. Conservatism causes no changes to be possible, which means many changes have to be made via workarounds and virtualization wrappers which cause a giant mess over time which create breakage which creates a conservative culture&#x2F;laws.",0
48654207,"You can do a perfectly good, very efficient mini split for USD $5k. Avoids the leaks of window of portable units. And if you&#x27;re feeling fancy you can get it as a cold climate heat pump. They&#x27;re great options for retrofitting - can do multiple indoor air handlers, etc., for far less than $50k",0
48654580,"&gt; &quot;just turn on the AC and keep burning the world down&quot; isn&#x27;t really the answer.<p>This is an outdated attitude. PV solar panel output correlates really well with air conditioning demand, no need for storage. Overcool your thick-walled masonry buildings during the day as a form of energy storage.",0
48653048,Used to be part of Google’s culture until the AI wars and walled garden present we find ourselves in.,0
48653322,"Hey HN. <a href=""http:&#x2F;&#x2F;peerd.ai"" rel=""nofollow"">http:&#x2F;&#x2F;peerd.ai</a> is an AI agent harness that lives entirely in your browser as a web extension. You don’t have to install a separate “AI browser”. You don’t have to bolt on or run some external process or manage a clunky mcp integration. It’s just a fully contained web extension, written in no build vanilla JS with minimal non-browser dependencies, using your own provider keys, and Apache 2.<p>This isn’t just a fun hack. While it has largely been a solo side project, I genuinely believe the browser and the web could be the most natural platform for AI agents to operate safely, autonomously, and most importantly without A2A middlemen (more on that in a sec). To demonstrate that point peerd doesn’t just drive browser automation. It spins up isolated sandboxes using tabs and worker instances to support various real workload types. Those include headless JS computational work, visual JS notebooks, personal client side apps, and real Linux VMs on top of wasm with full http networking.<p>The industry discourse over the last several months has been dominated by “which substrate is the best for ai agent sandboxes” with many competing answers focused on different models and use cases. Cloudflare is one of the most prominent examples, positioning its v8 isolate based workers as the best in class solution thanks to faster than container startup times and strong isolation guarantees.   The v8 isolate is of course the product of chromium, which runs on billions of browsers around the world for free. The browser as a whole is perhaps the most battle tested sandbox system in the entire software industry. It’s been built on 3 decades of learning from hostile content, hostile code, and hostile users. Native and cloud agents are necessarily rebuilding all or most of this posture from scratch. peerd doesn’t. It leverages everything the browser has to offer and pushes it to its functional limits, while inheriting its security baseline and isolation from the host system.<p>Robust sandboxing isn’t the only thing the browser offers and peerd uses. It comes with extremely powerful and underrated primitives, from webCrypto, webRTC, webAuthn, webGPU, and ~soon WebNN. Direct web access, with your real live sessions, and api calls with fetch present an alternative model to MCP integrations. The agent can write and spawn web apps right there in a tab, no hosted service necessary. Then there’s the A2A piece: peerd already has a rudimentary p2p (peerd-to-peerd?) network in place using webRTC. Today you can connect with peers on the network, add them as contacts, and share signed apps you’ve created. I’m working on extending these apps to be able to leverage the same p2p network to support decentralized web apps (dwapps), as well as facilitate true p2p A2A with no platform or middlemen.<p>Given this is an early part time project, this is an extremely experimental build and in a v0.x preview state. I’ve taken care to attempt to address the lethal trifecta: the main agent loops&#x2F;sessions never ingest untrusted DOM code or possess low level navigation tools. It delegates those tasks to dedicated web runners with no wider tooling or secrets access that return summarized results. Both the DOM and the summarized results are bracketed as untrusted, meaning two stacked prompt injection escapes are needed. All egress goes through a central module that has a customizable deny list, and only models calls to designated allowed endpoints are possible. See more in the docs, site, and the code itself. Ultimately, use at your own risk.<p>Today anthropic, open router, local ollama, and even an experimental WebGPU instance of Gemma are supported.<p>Honest limitations: Chrome store and AMO are still pending until it can get more eyeballs and live usage. Just loading unpacked from GitHub is the easiest way to go, and as a bonus makes it easy to audit thanks to no build. Linux on wasm depends on the Cheerpx engine, which is not open source and has restrictions for commercial use. That may be a good reason to reassess it compared to alternatives, but it’s also the most performant and looks closest to implementing 64bit support.<p>Poke around, use it, critique it, and have fun.",0
48653413,"At first I thought it was just virtue signaling. But no, its the venue.<p>&gt;Venue: LSE Shaw Library, Houghton St, Old Building, London<p><a href=""https:&#x2F;&#x2F;halls.lse.ac.uk&#x2F;story&#x2F;25006031&#x2F;deal-with-the-uk-weather-while-you-live-in-halls"" rel=""nofollow"">https:&#x2F;&#x2F;halls.lse.ac.uk&#x2F;story&#x2F;25006031&#x2F;deal-with-the-uk-weat...</a><p>&gt; LSE halls (like most houses in the country) don&#x27;t have air conditioning, it can be quite suffocating.<p>I blame LSE. Uni should provide safe and comfortable environment for students.",1
48652167,"If you want to make meaningful change in this avenue you really can&#x27;t use words like &quot;bias&quot; or &quot;systemic&quot; because anywhere from 49-51% of the population will immediately shut down upon hearing that. Someone can argue (and many do to varying levels of success) that systemic bias doesn&#x27;t exist, which means <i>this</i> doesn&#x27;t exist, which means there no problem.<p>However, &quot;this AI model can decide that some subset of people, perhaps random, perhaps not, are simply not hirable for any job&quot; makes sense to most people regardless of political bent.",0
48652085,"I do think the point that solo companies that could have been billion dollar start-ups might get a lower market cap if they can be done solo with AI tools is a good one. But that seems a lot more nuanced than calling the idea something like a Mach 1 car.<p>I think this is like pointing out that we lowered the speed of sound as technology developed, so a Mach 1 car doesn’t mean the same thing anymore, if we want the analogies to line up. Of course I’ve stretched the analogy well past any hope of making sense at this point, haha.",1
48653345,"The really crisis is that we are now in a phase of (&quot;AGI&quot; or Bust).  That&#x27;s it.  Unless we get a self improving autonomous AI heading towards &quot;singularity&quot;  then it&#x27;s all going to blow up.   The amount of money invested is ridiculous and would  need a long time to recoup.  Without AGI, plenty investors are going to start exiting their positions and the entire thing will be drained.",1
48654572,"And for Dark Souls AI: <a href=""https:&#x2F;&#x2F;www.youtube.com&#x2F;watch?v=PrHKzKQdZxY&amp;t=1366s"" rel=""nofollow"">https:&#x2F;&#x2F;www.youtube.com&#x2F;watch?v=PrHKzKQdZxY&amp;t=1366s</a>",0
48654521,"Try companies in highly regulated industries with intense compliance requirements or where lives are at stake. They’re not universally AI-conservative, but they have more reason to be than your average productivity app SaaS.",0
48653761,"That’s normal where I live in the Southeast US from late May to late September. Plus 60-99% humidity, I can see the air in the mornings.<p>There’s something about 85F&#x2F;30C and 80%+ humidity that prevents the temp from going much higher for a longer period of time.",0
48652237,"What, you mean like the US AI Safety Institute Consortium <i>which Anthropic is a member of</i>?<p><a href=""https:&#x2F;&#x2F;www.federalregister.gov&#x2F;documents&#x2F;2023&#x2F;11&#x2F;02&#x2F;2023-24216&#x2F;artificial-intelligence-safety-institute-consortium"" rel=""nofollow"">https:&#x2F;&#x2F;www.federalregister.gov&#x2F;documents&#x2F;2023&#x2F;11&#x2F;02&#x2F;2023-24...</a><p><a href=""https:&#x2F;&#x2F;www.nist.gov&#x2F;artificial-intelligence&#x2F;nist-ai-consortium&#x2F;nist-ai-consortium-members"" rel=""nofollow"">https:&#x2F;&#x2F;www.nist.gov&#x2F;artificial-intelligence&#x2F;nist-ai-consort...</a><p>Or the Coalition for Secure AI, ditto?<p><a href=""https:&#x2F;&#x2F;www.coalitionforsecureai.org&#x2F;addressing-whats-next-in-securing-enterprise-ai&#x2F;"" rel=""nofollow"">https:&#x2F;&#x2F;www.coalitionforsecureai.org&#x2F;addressing-whats-next-i...</a><p>Or the Frontier Model Forum, of which they were a founding member?<p><a href=""https:&#x2F;&#x2F;www-cdn.anthropic.com&#x2F;1095a748082bb69e714d1d550713e203b7114166&#x2F;frontier-model-forum.pdf"" rel=""nofollow"">https:&#x2F;&#x2F;www-cdn.anthropic.com&#x2F;1095a748082bb69e714d1d550713e2...</a><p>Consortium are entities, and the CEOs of Anthropic and OpenAI at least are openly begging for feedback with all their efforts to handle this, openly asking everyone else to figure out what the rules ought to be. Even if you think that too is a cynical ploy, <i>they&#x27;re asking</i>.",0
48652784,"I built BORFOLI, a multi-agent AI system that routes queries across 6 LLMs simultaneously. I used it to benchmark LLM performance on real CTF cybersecurity challenges, then compiled those results with published data from the NYU CTF Bench (NeurIPS 2024) into a single unified dataset.<p>The dataset covers 194 challenges across 5 categories (cryptography, web exploitation, forensics, reverse engineering, binary exploitation) tested against 10 model configurations including GPT-4o, Claude 3.5 Sonnet, and Claude 3.7 Sonnet.<p>Key finding: even the best frontier models solve only a small fraction of professional CTF challenges. Claude 3.5 Sonnet performed best at 20% overall. Binary exploitation was hardest across all models.<p>Full dataset, visualizations, and methodology in the Kaggle link. Any Feedback at all is greatly appreciated.<p>if you guys use this data set for any project, please tell me I don&#x27;t even need credits.",0
48654454,"&gt; with AI I imagine ...<p>I think that might be <i>just</i> imagination - android autocorrect in particular got sufficiently worse that I finally turned it off (I still use it as a &quot;typing assist&quot; - it only displays choices that I can tap to replace, or (more often) ignore.)",1
48653529,"The grant application process is wild now, half the questions I&#x27;m to respond to feel AI generated as well. I feel certain that the reviewers are just taking my responses and feeding them.into another AI to evaluate too.",1
